<?xml version="1.0" encoding="ISO-8859-15"?>
<uc-export clientvers="12.0.1+build.8521">
<FolderStruct>
<includeExternalObjects>0</includeExternalObjects>
<FOLD name="PCK.CUSTOM_EXECUTING_MS_SQL_SERVER_JOB_AND_WAIT" title="">
<VARA id="1282014" link="0" name="PCK.CUSTOM_EXECUTING_MS_SQL_SERVER_JOB_AND_WAIT.PUB.VAR.METADATA"/>
<FOLD name="ACTIONS" title="">
<FOLD name="DATABASE" title="">
<FOLD name="MSSQL" title="">
<JOBP id="1282028" link="1" name="PCK.CUSTOM_EXECUTING_MS_SQL_SERVER_JOB_AND_WAIT.PUB.ACTION.EXECUTE_SQL_SERVER_JOB_AND_WAIT"/>
</FOLD>
</FOLD>
</FOLD>
<FOLD name="CONFIG" title="">
<VARA id="1282015" link="0" name="PCK.CUSTOM_EXECUTING_MS_SQL_SERVER_JOB_AND_WAIT.PUB.PROMPT_EXTERNAL_MAP"/>
<CONN id="1282041" link="0" name="PKG.CONN.SQL.EXEC.SQL.JOB"/>
</FOLD>
<FOLD name="DOCUMENTATION" title="">
<DOCU id="1282016" link="0" name="PCK.CUSTOM_EXECUTING_MS_SQL_SERVER_JOB_AND_WAIT.PUB.DOC"/>
<DOCU id="1282017" link="0" name="PCK.CUSTOM_EXECUTING_MS_SQL_SERVER_JOB_AND_WAIT.PUB.LICENSES"/>
</FOLD>
<FOLD name="RESOURCES" title="">
<FOLD name="INTERPRETERS" title=""/>
<FOLD name="LIBS" title=""/>
<FOLD name="SCRIPTS" title=""/>
</FOLD>
<FOLD name="SOURCE" title="">
<FOLD name="EXECUTE_SQL_SERVER_JOB_AND_WAIT" title="">
<JOBP id="1282028" link="0" name="PCK.CUSTOM_EXECUTING_MS_SQL_SERVER_JOB_AND_WAIT.PUB.ACTION.EXECUTE_SQL_SERVER_JOB_AND_WAIT"/>
<FOLD name="INTERNAL" title="">
<FOLD name="INCLUDES" title=""/>
<FOLD name="JOBS" title="">
<JOBS_SQL id="1282040" link="0" name="PKG.SQL.EXEC.SQL.SERVER.JOB.WAIT"/>
</FOLD>
<FOLD name="PROMPTSETS" title="">
<PRPT id="1282007" link="0" name="PKG.PRPT.EXEC.MSSQL.JOB"/>
<FILTER id="1282012" link="0" name="PKG.FILTER.MSSQL.JOB.ERROR"/>
<PRPT id="1283007" link="0" name="PKG.PRPT.AGENT.EXEC.MSSQL.JOB"/>
</FOLD>
<FOLD name="ROLLBACK" title=""/>
<FOLD name="VARIABLES" title=""/>
</FOLD>
</FOLD>
</FOLD>
<FOLD name="TEMPLATES" title=""/>
</FOLD>
</FolderStruct>
<VARA OVD_VRName="FREI" data_type="STATIC" name="PCK.CUSTOM_EXECUTING_MS_SQL_SERVER_JOB_AND_WAIT.PUB.VAR.METADATA" replacementmode="2">
<HEADER state="1">
<Title/>
<ArchiveKey1/>
<ArchiveKey2/>
<OH_SubType>STATIC</OH_SubType>
</HEADER>
<ATTR_VARA state="1">
<Type>C|Text</Type>
<lblSource>Static</lblSource>
<source>STATIC</source>
<VRName>FREI|Freely selected</VRName>
<NotFoundErr>0</NotFoundErr>
<NotFoundDef>1</NotFoundDef>
<ShareN>0</ShareN>
<ShareL>0</ShareL>
<ShareR>0</ShareR>
<MaxValue_C>1024</MaxValue_C>
<CheckMax_C>0</CheckMax_C>
<uppercase>0</uppercase>
<sortColumn>0</sortColumn>
<sortDirection>0</sortDirection>
</ATTR_VARA>
<VARA state="1">
<Variables>
<row Name="Categories" Value="DATABASE,MSSQL" Value1="" Value2="" Value3="" Value4=""/>
<row Name="Company" Value="Custom" Value1="" Value2="" Value3="" Value4=""/>
<row Name="Dependencies" Value="PCK.ITPA_SHARED ~&gt; 1.1" Value1="" Value2="" Value3="" Value4=""/>
<row Name="Description" Value="Executing MS SQL Server Job and Wait until the job has been finished using SQL Agent" Value1="" Value2="" Value3="" Value4=""/>
<row Name="Homepage" Value="community.automic.com" Value1="" Value2="" Value3="" Value4=""/>
<row Name="License" Value="" Value1="" Value2="" Value3="" Value4=""/>
<row Name="Name" Value="PCK.CUSTOM_EXECUTING_MS_SQL_SERVER_JOB_AND_WAIT" Value1="" Value2="" Value3="" Value4=""/>
<row Name="Package Format Version" Value="0.3.0" Value1="" Value2="" Value3="" Value4=""/>
<row Name="Title" Value="Executing MS SQL Server Job and Wait  using SQL Agent" Value1="" Value2="" Value3="" Value4=""/>
<row Name="Version" Value="1.0.0" Value1="" Value2="" Value3="" Value4=""/>
</Variables>
</VARA>
<DOCU_Docu state="1" type="text">
<DOC/>
</DOCU_Docu>
</VARA>
<VARA OVD_VRName="FREI" data_type="STATIC" name="PCK.CUSTOM_EXECUTING_MS_SQL_SERVER_JOB_AND_WAIT.PUB.PROMPT_EXTERNAL_MAP" replacementmode="2">
<HEADER state="1">
<Title/>
<ArchiveKey1/>
<ArchiveKey2/>
<OH_SubType>STATIC</OH_SubType>
</HEADER>
<ATTR_VARA state="1">
<Type>C|Text</Type>
<lblSource>Static</lblSource>
<source>STATIC</source>
<VRName>FREI|Freely selected</VRName>
<NotFoundErr>0</NotFoundErr>
<NotFoundDef>1</NotFoundDef>
<ShareN>0</ShareN>
<ShareL>0</ShareL>
<ShareR>0</ShareR>
<MaxValue_C>1024</MaxValue_C>
<CheckMax_C>0</CheckMax_C>
<uppercase>0</uppercase>
<sortColumn>0</sortColumn>
<sortDirection>0</sortDirection>
</ATTR_VARA>
<VARA state="1">
<Variables>
<row Name="PCK.CUSTOM_EXECUTING_MS_SQL_SERVER_JOB_AND_WAIT.PUB.ACTION.EXECUTE_SQL_SERVER_JOB_AND_WAIT/AGENT#" Value="&amp;AGENT#" Value1="" Value2="" Value3="" Value4=""/>
<row Name="PCK.CUSTOM_EXECUTING_MS_SQL_SERVER_JOB_AND_WAIT.PUB.ACTION.EXECUTE_SQL_SERVER_JOB_AND_WAIT/LOGIN#" Value="&amp;LOGIN#" Value1="" Value2="" Value3="" Value4=""/>
</Variables>
</VARA>
<DOCU_Docu state="1" type="text">
<DOC/>
</DOCU_Docu>
</VARA>
<CONN_SQL name="PKG.CONN.SQL.EXEC.SQL.JOB">
<HEADER state="1">
<Title>SQL Connection for SQL Server Job Execution</Title>
<ArchiveKey1/>
<ArchiveKey2/>
<OH_SubType/>
</HEADER>
<CONN_SQL>
<citpanel con="1" type="1">
<component con="1" enc="0" type="1" value="ADDRESS" xmlName="db.name"/>
<component con="1" enc="0" type="1" value="1433" xmlName="db.port"/>
<component con="1" enc="0" type="1" value="nb030147" xmlName="db.server"/>
<component con="1" enc="0" type="1" value="MSSQL" xmlName="db.type"/>
<component con="1" enc="2" type="1" value="" xmlName="DbPassword"/>
<component con="1" enc="0" type="1" value="uc4demo" xmlName="DbUserid"/>
<component con="1" enc="0" type="1" value="" xmlName="Login"/>
</citpanel>
<connection.settings>
<tab.conn.string>
<conn.string OCV_Type="1"/>
</tab.conn.string>
<tab.conn.properties>
<conn.properties OCV_Type="1"/>
</tab.conn.properties>
</connection.settings>
<conn.check>
<conn.check.image>empty16</conn.check.image>
<conn.check.info/>
</conn.check>
</CONN_SQL>
<DOCU_Docu state="1" type="text">
<DOC/>
</DOCU_Docu>
</CONN_SQL>
<DOCU name="PCK.CUSTOM_EXECUTING_MS_SQL_SERVER_JOB_AND_WAIT.PUB.DOC">
<HEADER state="1">
<Title>Pack Documentation</Title>
<ArchiveKey1/>
<ArchiveKey2/>
<OH_SubType/>
</HEADER>
<DOCU_Docu state="1" type="text">
<DOC><![CDATA[= About Automic's Action pack to execute MS SQL Server Jobs  =
==================================================
This Action Pack is intended to execute Microsoft SQL Server Jobs.
It uses the MS SQL Server Agent which has to run.

The action also uses the Automic SQL Agent


= Tested MS SQL Server Version =
==================
The Action Pack is developed and tested with Microsoft SQL Server 2008R2 and 2016.


= Setup =
========
The Action Pack expects a running Automic SQL Agent.

You have to configure the 'PKG.CONN.SQL.EXEC.SQL.JOB'  SQL Connection object. 
Please note that the 'Test' button of the connection object might not work. It may fires always an error message
.

= Using the 'Execute SQL Server Job and Wait' Action =
===========================================
The Action expects following parameters

MS SQL Server Job Name:  
Name of the MS SQL Server Job to be executed

MS SQL Server Step Name (optional):
The name of the Job Step which get used to start the Job.


Automic SQL Agent :
Name of the Automic SQL Agent to be used for the communication with the MS SQL Server.

Automic  Connection Object:
The name of the Automic SQL Connection object.  
You should keep the default 'PKG.CONN.SQL.EXEC.SQL.JOB'

]]></DOC>
</DOCU_Docu>
</DOCU>
<DOCU name="PCK.CUSTOM_EXECUTING_MS_SQL_SERVER_JOB_AND_WAIT.PUB.LICENSES">
<HEADER state="1">
<Title/>
<ArchiveKey1/>
<ArchiveKey2/>
<OH_SubType/>
</HEADER>
<DOCU_Docu state="1" type="text">
<DOC/>
</DOCU_Docu>
</DOCU>
<JOBP AllowExternal="1" name="PCK.CUSTOM_EXECUTING_MS_SQL_SERVER_JOB_AND_WAIT.PUB.ACTION.EXECUTE_SQL_SERVER_JOB_AND_WAIT">
<XHEADER state="1">
<Title>Execute SQL Server Job and Wait</Title>
<ArchiveKey1/>
<ArchiveKey2/>
<Active>1</Active>
<OH_SubType/>
<CustomAttributes KeyListID="0" dataRequestID="0"/>
</XHEADER>
<SYNCREF state="1">
<Syncs/>
</SYNCREF>
<ATTR_JOBP state="1">
<Queue>CLIENT_QUEUE</Queue>
<ChildQueue>*OWN</ChildQueue>
<StartType/>
<ExtRepDef>1</ExtRepDef>
<ExtRepAll>0</ExtRepAll>
<ExtRepNone>0</ExtRepNone>
<IntAccount/>
<AutoDeactNo>0</AutoDeactNo>
<AutoDeact1ErrorFree>0</AutoDeact1ErrorFree>
<AutoDeactErrorFree>1</AutoDeactErrorFree>
<DeactWhen>ANY_OK</DeactWhen>
<AutoDeactAlways>0</AutoDeactAlways>
<DeactDelay>0</DeactDelay>
<ActAtRun>1</ActAtRun>
<UC4Priority>0</UC4Priority>
<PassPriority>0</PassPriority>
<MaxParallel2>0</MaxParallel2>
<ReuseHG>1</ReuseHG>
<MpElse1>1</MpElse1>
<MpElse2>0</MpElse2>
<TZ/>
<RWhen/>
<RExecute/>
<JPA_SubType/>
</ATTR_JOBP>
<JOBP state="1">
<JobpStruct mode="design">
<task Alias="" BranchType="0" Col="1" Lnr="1" OType="&lt;START&gt;" Object="START" ParentAlias="" ParentObject="" Row="2" Text2="">
<checkpoint RollbackFlag="0" RunPerPatch="0" RunPerTarget="0" TcpADays="0" TcpATime="00:00" TcpATimeTZ="" TcpExecute="" TcpOn="0" promptatgen="0" showprompt="0"/>
<after ActFlg="1" AtimOn="0" ErlstStDays="0" ErlstStTime="00:00" ErlstStTimeTZ="" HoldFlg="0"/>
<when ChkWhenExec="0" LtstEnd="0" LtstEndDays="0" LtstEndTime="00:00" LtstSt="0" LtstStDays="0" LtstStTime="00:00" LtstTimeTZ="" WCTypeAND="1" WCTypeOR="0" WElseA="0" WElseH="0" WElseS="1" WElseX="0" WhenExecute="" WtimOn="0"/>
<preconditions>
<PreCon>
<conditions id="CONDITIONS"/>
</PreCon>
</preconditions>
<predecessors/>
<runtime MrtCancel="0" MrtDays="0" MrtErt="0" MrtExecute="0" MrtExecuteObj="" MrtFix="0" MrtMethodDate="0" MrtMethodErt="0" MrtMethodFix="0" MrtMethodNone="1" MrtOn="1" MrtTZ="" MrtTime="00:00" SrtErt="0" SrtFix="0" SrtMethodErt="0" SrtMethodFix="0" SrtMethodNone="1"/>
<result ChkRExec="0" RElseHalt="0" RElseIgn="0" RElseJPAbend="0" RExecFlag="0" RExecute="" RRepMTimes="0" RRepOn="0" RRepWait="0" RWhen=""/>
<dynvalues>
<dyntree>
<node content="1" id="PKG.PRPT.EXEC.MSSQL.JOB" name="PKG.PRPT.EXEC.MSSQL.JOB" parent="PPRPTS" type="PPROMPTSET">
<PROMPTSET name="PKG.PRPT.EXEC.MSSQL.JOB">
<PRPTBOX promptset="PKG.PRPT.EXEC.MSSQL.JOB">
<PS_JOB_STEPNAMEs.00 ReadFromTable="OPUD" altview="0" haslist="0" msginsert="" msgnr="" promptname="PS_JOB_STEPNAME#" promptsetname="PKG.PRPT.EXEC.MSSQL.JOB"/>
<PS_SQL_JOBNAMEs.00 ReadFromTable="OPUD" altview="0" haslist="0" msginsert="" msgnr="" promptname="PS_SQL_JOBNAME#" promptsetname="PKG.PRPT.EXEC.MSSQL.JOB"/>
</PRPTBOX>
</PROMPTSET>
</node>
<node content="1" id="PKG.PRPT.AGENT.EXEC.MSSQL.JOB" name="PKG.PRPT.AGENT.EXEC.MSSQL.JOB" parent="PPRPTS" type="PPROMPTSET">
<PROMPTSET name="PKG.PRPT.AGENT.EXEC.MSSQL.JOB">
<PRPTBOX promptset="PKG.PRPT.AGENT.EXEC.MSSQL.JOB">
<PS_AGENTs.00 ReadFromTable="OPUD" altview="0" haslist="0" msginsert="" msgnr="" promptname="PS_AGENT#" promptsetname="PKG.PRPT.AGENT.EXEC.MSSQL.JOB"/>
<PS_SQL_CONNs.00 ReadFromTable="OPUD" altview="0" haslist="0" msginsert="" msgnr="" promptname="PS_SQL_CONN#" promptsetname="PKG.PRPT.AGENT.EXEC.MSSQL.JOB">PKG.CONN.SQL.EXEC.SQL.JOB</PS_SQL_CONNs.00>
</PRPTBOX>
</PROMPTSET>
</node>
</dyntree>
</dynvalues>
<CIT/>
<calendars CCTypeAll="0" CCTypeExt="0" CCTypeNone="0" CCTypeOne="1" CaleOn="0"/>
<postconditions>
<PostCon>
<conditions id="CONDITIONS"/>
</PostCon>
</postconditions>
</task>
<task Alias="" BranchType="0" Col="2" Lnr="2" OType="JOBS" Object="PKG.SQL.EXEC.SQL.SERVER.JOB.WAIT" ParentAlias="" ParentObject="" Row="2" Text2="">
<checkpoint RollbackFlag="1" RunPerPatch="0" RunPerTarget="0" TcpADays="0" TcpATime="00:00" TcpATimeTZ="" TcpExecute="" TcpOn="0" promptatgen="0" showprompt="0"/>
<after ActFlg="1" AtimOn="0" ErlstStDays="0" ErlstStTime="00:00" ErlstStTimeTZ="" HoldFlg="0"/>
<when ChkWhenExec="0" LtstEnd="0" LtstEndDays="0" LtstEndTime="00:00" LtstSt="0" LtstStDays="0" LtstStTime="00:00" LtstTimeTZ="" WCTypeAND="1" WCTypeOR="0" WElseA="0" WElseH="1" WElseS="0" WElseX="0" WhenExecute="" WtimOn="0"/>
<preconditions>
<PreCon>
<conditions id="CONDITIONS"/>
</PreCon>
</preconditions>
<predecessors>
<pre BranchType="0" Lnr="1" PreLnr="1" When="ANY_OK" type="container"/>
</predecessors>
<runtime MrtCancel="0" MrtDays="0" MrtErt="0" MrtExecute="0" MrtExecuteObj="" MrtFix="0" MrtMethodDate="0" MrtMethodErt="0" MrtMethodFix="0" MrtMethodNone="1" MrtOn="1" MrtTZ="" MrtTime="00:00" SrtErt="0" SrtFix="0" SrtMethodErt="0" SrtMethodFix="0" SrtMethodNone="1"/>
<result ChkRExec="0" RElseHalt="0" RElseIgn="0" RElseJPAbend="0" RExecFlag="0" RExecute="" RRepMTimes="0" RRepOn="0" RRepWait="0" RWhen=""/>
<dynvalues>
<dyntree>
<node content="1" id="VALUE" name="Variables" parent="" type="TASKVALUE">
<VALUE state="2">
<Values/>
<Mode>0</Mode>
</VALUE>
</node>
<node content="1" id="PVALUE" name="Parent Variables" parent="" type="TASKVALUE">
<VALUE state="2">
<Values/>
<Mode>0</Mode>
</VALUE>
</node>
<node content="1" id="PRPTS" name="PromptSets" parent="" pref="1" type="PROMPTSET"/>
<node content="0" id="PPRPTS" name="Parent PromptSets" parent="" type="PPROMPTSET"/>
<node content="1" id="PKG.PRPT.EXEC.MSSQL.JOB" name="PKG.PRPT.EXEC.MSSQL.JOB" parent="PPRPTS" type="PPROMPTSET">
<PROMPTSET name="PKG.PRPT.EXEC.MSSQL.JOB">
<PRPTBOX promptset="PKG.PRPT.EXEC.MSSQL.JOB">
<PS_JOB_STEPNAMEs.00 ReadFromTable="OPUD" altview="0" haslist="0" msginsert="" msgnr="" promptname="PS_JOB_STEPNAME#" promptsetname="PKG.PRPT.EXEC.MSSQL.JOB"/>
<PS_SQL_JOBNAMEs.00 ReadFromTable="OPUD" altview="0" haslist="0" msginsert="" msgnr="" promptname="PS_SQL_JOBNAME#" promptsetname="PKG.PRPT.EXEC.MSSQL.JOB"/>
</PRPTBOX>
</PROMPTSET>
</node>
<node content="1" id="PKG.PRPT.AGENT.EXEC.MSSQL.JOB" name="PKG.PRPT.AGENT.EXEC.MSSQL.JOB" parent="PPRPTS" type="PPROMPTSET">
<PROMPTSET name="PKG.PRPT.AGENT.EXEC.MSSQL.JOB">
<PRPTBOX promptset="PKG.PRPT.AGENT.EXEC.MSSQL.JOB">
<PS_AGENTs.00 ReadFromTable="OPUD" altview="0" haslist="0" msginsert="" msgnr="" promptname="PS_AGENT#" promptsetname="PKG.PRPT.AGENT.EXEC.MSSQL.JOB"/>
<PS_SQL_CONNs.00 ReadFromTable="OPUD" altview="0" haslist="0" msginsert="" msgnr="" promptname="PS_SQL_CONN#" promptsetname="PKG.PRPT.AGENT.EXEC.MSSQL.JOB">PKG.CONN.SQL.EXEC.SQL.JOB</PS_SQL_CONNs.00>
</PRPTBOX>
</PROMPTSET>
</node>
</dyntree>
</dynvalues>
<CIT/>
<calendars CCTypeAll="0" CCTypeExt="0" CCTypeNone="0" CCTypeOne="1" CaleOn="0"/>
<postconditions>
<PostCon>
<conditions id="CONDITIONS"/>
</PostCon>
</postconditions>
</task>
<task Alias="" BranchType="0" Col="3" Lnr="3" OType="&lt;END&gt;" Object="END" ParentAlias="" ParentObject="" Row="2" Text2="">
<checkpoint RollbackFlag="0" RunPerPatch="0" RunPerTarget="0" TcpADays="0" TcpATime="00:00" TcpATimeTZ="" TcpExecute="" TcpOn="0" promptatgen="0" showprompt="0"/>
<after ActFlg="1" AtimOn="0" ErlstStDays="0" ErlstStTime="00:00" ErlstStTimeTZ="" HoldFlg="0"/>
<when ChkWhenExec="0" LtstEnd="0" LtstEndDays="0" LtstEndTime="00:00" LtstSt="0" LtstStDays="0" LtstStTime="00:00" LtstTimeTZ="" WCTypeAND="1" WCTypeOR="0" WElseA="1" WElseH="0" WElseS="0" WElseX="0" WhenExecute="" WtimOn="0"/>
<preconditions>
<PreCon>
<conditions id="CONDITIONS"/>
</PreCon>
</preconditions>
<predecessors>
<pre BranchType="0" Lnr="1" PreLnr="2" When="ANY_OK" type="container"/>
</predecessors>
<runtime MrtCancel="0" MrtDays="0" MrtErt="0" MrtExecute="0" MrtExecuteObj="" MrtFix="0" MrtMethodDate="0" MrtMethodErt="0" MrtMethodFix="0" MrtMethodNone="1" MrtOn="1" MrtTZ="" MrtTime="00:00" SrtErt="0" SrtFix="0" SrtMethodErt="0" SrtMethodFix="0" SrtMethodNone="1"/>
<result ChkRExec="0" RElseHalt="0" RElseIgn="0" RElseJPAbend="0" RExecFlag="0" RExecute="" RRepMTimes="0" RRepOn="0" RRepWait="0" RWhen=""/>
<dynvalues>
<dyntree>
<node content="1" id="PKG.PRPT.EXEC.MSSQL.JOB" name="PKG.PRPT.EXEC.MSSQL.JOB" parent="PPRPTS" type="PPROMPTSET">
<PROMPTSET name="PKG.PRPT.EXEC.MSSQL.JOB">
<PRPTBOX promptset="PKG.PRPT.EXEC.MSSQL.JOB">
<PS_JOB_STEPNAMEs.00 ReadFromTable="OPUD" altview="0" haslist="0" msginsert="" msgnr="" promptname="PS_JOB_STEPNAME#" promptsetname="PKG.PRPT.EXEC.MSSQL.JOB"/>
<PS_SQL_JOBNAMEs.00 ReadFromTable="OPUD" altview="0" haslist="0" msginsert="" msgnr="" promptname="PS_SQL_JOBNAME#" promptsetname="PKG.PRPT.EXEC.MSSQL.JOB"/>
</PRPTBOX>
</PROMPTSET>
</node>
<node content="1" id="PKG.PRPT.AGENT.EXEC.MSSQL.JOB" name="PKG.PRPT.AGENT.EXEC.MSSQL.JOB" parent="PPRPTS" type="PPROMPTSET">
<PROMPTSET name="PKG.PRPT.AGENT.EXEC.MSSQL.JOB">
<PRPTBOX promptset="PKG.PRPT.AGENT.EXEC.MSSQL.JOB">
<PS_AGENTs.00 ReadFromTable="OPUD" altview="0" haslist="0" msginsert="" msgnr="" promptname="PS_AGENT#" promptsetname="PKG.PRPT.AGENT.EXEC.MSSQL.JOB"/>
<PS_SQL_CONNs.00 ReadFromTable="OPUD" altview="0" haslist="0" msginsert="" msgnr="" promptname="PS_SQL_CONN#" promptsetname="PKG.PRPT.AGENT.EXEC.MSSQL.JOB">PKG.CONN.SQL.EXEC.SQL.JOB</PS_SQL_CONNs.00>
</PRPTBOX>
</PROMPTSET>
</node>
</dyntree>
</dynvalues>
<CIT/>
<calendars CCTypeAll="0" CCTypeExt="0" CCTypeNone="0" CCTypeOne="1" CaleOn="0"/>
<postconditions>
<PostCon>
<conditions id="CONDITIONS"/>
</PostCon>
</postconditions>
</task>
<OPTIONS/>
</JobpStruct>
</JOBP>
<RUNTIME state="1">
<MaxRetCode>0</MaxRetCode>
<MrcExecute/>
<MrcElseE>0</MrcElseE>
<FcstStatus>0| |</FcstStatus>
<Ert>0</Ert>
<ErtMethodDef>1</ErtMethodDef>
<ErtMethodFix>0</ErtMethodFix>
<ErtFix>0</ErtFix>
<ErtDynMethod>2|Average</ErtDynMethod>
<ErtMethodDyn>0</ErtMethodDyn>
<ErtCnt>0</ErtCnt>
<ErtCorr>0</ErtCorr>
<ErtIgn>0</ErtIgn>
<ErtIgnFlg>0</ErtIgnFlg>
<ErtMinCnt>0</ErtMinCnt>
<MrtMethodNone>1</MrtMethodNone>
<MrtMethodFix>0</MrtMethodFix>
<MrtFix>0</MrtFix>
<MrtMethodErt>0</MrtMethodErt>
<MrtErt>0</MrtErt>
<MrtMethodDate>0</MrtMethodDate>
<MrtDays>0</MrtDays>
<MrtTime>00:00</MrtTime>
<MrtTZ/>
<SrtMethodNone>1</SrtMethodNone>
<SrtMethodFix>0</SrtMethodFix>
<SrtFix>0</SrtFix>
<SrtMethodErt>0</SrtMethodErt>
<SrtErt>0</SrtErt>
<MrtCancel>0</MrtCancel>
<MrtExecute>0</MrtExecute>
<MrtExecuteObj/>
</RUNTIME>
<DYNVALUES state="1">
<dyntree>
<node content="1" id="VALUE" name="Variables" parent="" type="VALUE">
<VALUE state="1">
<Values/>
<Mode>0</Mode>
</VALUE>
</node>
<node content="1" id="PKG.PRPT.EXEC.MSSQL.JOB" name="PKG.PRPT.EXEC.MSSQL.JOB" parent="PRPTS" type="PROMPTSET">
<PROMPTSET name="PKG.PRPT.EXEC.MSSQL.JOB" ontop="1">
<PRPTBOX promptset="PKG.PRPT.EXEC.MSSQL.JOB" prptmode="1">
<PS_SQL_JOBNAMEs.00 altview="0" haslist="0"/>
<PS_JOB_STEPNAMEs.00 altview="0" haslist="0"/>
</PRPTBOX>
</PROMPTSET>
</node>
<node content="1" id="PKG.PRPT.AGENT.EXEC.MSSQL.JOB" name="PKG.PRPT.AGENT.EXEC.MSSQL.JOB" parent="PRPTS" type="PROMPTSET">
<PROMPTSET name="PKG.PRPT.AGENT.EXEC.MSSQL.JOB" ontop="1">
<PRPTBOX promptset="PKG.PRPT.AGENT.EXEC.MSSQL.JOB" prptmode="1">
<PS_AGENTs.00 altview="0" haslist="0"/>
<PS_SQL_CONNs.00 altview="0" haslist="0">PKG.CONN.SQL.EXEC.SQL.JOB</PS_SQL_CONNs.00>
</PRPTBOX>
</PROMPTSET>
</node>
</dyntree>
</DYNVALUES>
<DEPLOYMENT state="1">
<DeploymentFlag>0</DeploymentFlag>
<WFTypeA>1</WFTypeA>
<WFTypeC>0</WFTypeC>
<AppName/>
<WFName/>
<ComponentName/>
</DEPLOYMENT>
<ROLLBACK state="1">
<RollbackFlag>0</RollbackFlag>
<CBackupObj/>
<CRollbackObj/>
<FBackupPath/>
<FDeleteBefore>0</FDeleteBefore>
<FInclSubDirs>0</FInclSubDirs>
</ROLLBACK>
<SCRIPT mode="1" state="1">
<MSCRI/>
</SCRIPT>
<DOCU_Docu state="1" type="text">
<DOC/>
</DOCU_Docu>
</JOBP>
<JOBS_SQL AttrType="SQL" name="PKG.SQL.EXEC.SQL.SERVER.JOB.WAIT">
<XHEADER state="1">
<Title>MS SQL: Exec SQL Server Job and wait untill finished</Title>
<ArchiveKey1/>
<ArchiveKey2/>
<Active>1</Active>
<OH_SubType/>
<CustomAttributes KeyListID="0" dataRequestID="0"/>
</XHEADER>
<OUTPUTREG state="1">
<FileReg/>
</OUTPUTREG>
<SYNCREF state="1">
<Syncs/>
</SYNCREF>
<ATTR_JOBS state="1">
<Queue>CLIENT_QUEUE</Queue>
<StartType/>
<HostDst>|&amp;PS_AGENT#</HostDst>
<HostATTR_Type>SQL</HostATTR_Type>
<CodeName/>
<Login/>
<IntAccount/>
<ExtRepDef>1</ExtRepDef>
<ExtRepAll>0</ExtRepAll>
<ExtRepNone>0</ExtRepNone>
<AutoDeactNo>0</AutoDeactNo>
<AutoDeact1ErrorFree>0</AutoDeact1ErrorFree>
<AutoDeactErrorFree>0</AutoDeactErrorFree>
<DeactWhen/>
<DeactDelay>0</DeactDelay>
<AutoDeactAlways>1</AutoDeactAlways>
<AttDialog>0</AttDialog>
<ActAtRun>0</ActAtRun>
<Consumption>0</Consumption>
<UC4Priority>0</UC4Priority>
<MaxParallel2>0</MaxParallel2>
<MpElse1>0</MpElse1>
<MpElse2>1</MpElse2>
<TZ/>
</ATTR_JOBS>
<ATTR_SQL state="1">
<OutputDb>1</OutputDb>
<OutputDbErr>0</OutputDbErr>
<OutputFile>0</OutputFile>
<OptReportPLOG>1</OptReportPLOG>
<SQLConnection/>
<Connection>&amp;PS_SQL_CONN#</Connection>
<ServerPort/>
<DatabaseName/>
<DataSource/>
<Attributes/>
<ColumnSeparator>;</ColumnSeparator>
<ShowHeadline>1</ShowHeadline>
<ShowNULL>1</ShowNULL>
<MaxLines>0</MaxLines>
<MaxColumnWidth>0</MaxColumnWidth>
<RemoveCRLF>1</RemoveCRLF>
<SeparatorSubstitute/>
</ATTR_SQL>
<ATTR_SQL_FORM>
<sql1>
<formshost>&amp;PS_AGENT#</formshost>
<logininfo/>
<password/>
</sql1>
</ATTR_SQL_FORM>
<RUNTIME state="1">
<MaxRetCode>0</MaxRetCode>
<MrcExecute/>
<MrcElseE>0</MrcElseE>
<FcstStatus>0| |</FcstStatus>
<Ert>9</Ert>
<ErtMethodDef>1</ErtMethodDef>
<ErtMethodFix>0</ErtMethodFix>
<ErtFix>0</ErtFix>
<ErtDynMethod>2|Average</ErtDynMethod>
<ErtMethodDyn>0</ErtMethodDyn>
<ErtCnt>0</ErtCnt>
<ErtCorr>0</ErtCorr>
<ErtIgn>0</ErtIgn>
<ErtIgnFlg>0</ErtIgnFlg>
<ErtMinCnt>0</ErtMinCnt>
<MrtMethodNone>1</MrtMethodNone>
<MrtMethodFix>0</MrtMethodFix>
<MrtFix>0</MrtFix>
<MrtMethodErt>0</MrtMethodErt>
<MrtErt>0</MrtErt>
<MrtMethodDate>0</MrtMethodDate>
<MrtDays>0</MrtDays>
<MrtTime>00:00</MrtTime>
<MrtTZ/>
<SrtMethodNone>1</SrtMethodNone>
<SrtMethodFix>0</SrtMethodFix>
<SrtFix>0</SrtFix>
<SrtMethodErt>0</SrtMethodErt>
<SrtErt>0</SrtErt>
<MrtCancel>0</MrtCancel>
<MrtExecute>0</MrtExecute>
<MrtExecuteObj/>
</RUNTIME>
<DYNVALUES state="1">
<dyntree>
<node content="1" id="VALUE" name="Variables" parent="" type="VALUE">
<VALUE state="1">
<Values/>
<Mode>0</Mode>
</VALUE>
</node>
</dyntree>
</DYNVALUES>
<ROLLBACK state="1">
<RollbackFlag>0</RollbackFlag>
<CBackupObj/>
<CRollbackObj/>
<FBackupPath/>
<FDeleteBefore>0</FDeleteBefore>
<FInclSubDirs>0</FInclSubDirs>
</ROLLBACK>
<PRE_SCRIPT mode="1" replacementmode="1" state="1">
<PSCRI/>
</PRE_SCRIPT>
<SCRIPT mode="1" state="1">
<MSCRI><![CDATA[SQL_SET_STATEMENT_TERMINATOR TERM='@';
SET NOCOUNT ON

DECLARE       @jobID UNIQUEIDENTIFIER,
       @maxID INT,
       @status INT,
       @rc INT


SELECT @jobID = job_id
FROM   msdb..sysjobs
WHERE name = '&PS_SQL_JOBNAME#'

SELECT @maxID = MAX(instance_id)
FROM   msdb..sysjobhistory
WHERE job_id = @jobID
       AND step_id = 0

SET    @maxID = COALESCE(@maxID, -1)

:IF STR_LENGTH(&PS_JOB_STEPNAME#) > 0
  EXEC @rc = msdb..sp_start_job @job_name = '&PS_SQL_JOBNAME#', @step_name = '&PS_JOB_STEPNAME#'
:ELSE
  EXEC @rc = msdb..sp_start_job @job_name = '&PS_SQL_JOBNAME#'
:ENDIF

WHILE (SELECT MAX(instance_id) FROM msdb..sysjobhistory WHERE job_id = @jobID AND step_id = 0) = @maxID
      WAITFOR DELAY '00:00:01'

SELECT @maxID = MAX(instance_id)
FROM   msdb..sysjobhistory
WHERE job_id = @jobID
       AND step_id = 0


SELECT @status = run_status
FROM   msdb..sysjobhistory
WHERE instance_id = @maxID

IF @status = 0
BEGIN
PRINT '#ERROR# Microsoft SQL Server Job execution ran in an error'
END@]]></MSCRI>
</SCRIPT>
<OUTPUTSCAN state="1">
<Inherit>N</Inherit>
<filterobjects>
<row Icon="FILTER" condition="true" execute="" filter="PKG.FILTER.MSSQL.JOB.ERROR" lnr="1" return="3" statustext="MS SQL Server Job Runtime Error"/>
</filterobjects>
<HostFsc/>
<LoginFsc/>
</OUTPUTSCAN>
<POST_SCRIPT mode="1" replacementmode="1" state="1">
<OSCRI/>
</POST_SCRIPT>
<DOCU_Docu state="1" type="text">
<DOC/>
</DOCU_Docu>
</JOBS_SQL>
<PRPT name="PKG.PRPT.EXEC.MSSQL.JOB">
<HEADER state="1">
<Title>MS SQL Job Exec Action params</Title>
<ArchiveKey1/>
<ArchiveKey2/>
<OH_SubType/>
</HEADER>
<PROMPTDESIGNER state="1">
<DESIGNER/>
</PROMPTDESIGNER>
<PROMPTSETXUI state="1">
<XUIEDITOR><![CDATA[<dialog height="506" icon="PRPT" id="PRPTS" left="279" top="4" width="420"><readpanel fill="b" id="PRPTBOX" nl="1" scroll="v" text="MS SQL Server Job Input Parameters"><properties><entry name="text">MS SQL Server Job Input Parameters</entry><entry name="modifiable">0</entry></properties><text enabled="1" fill="b" focus="0" id="PS_SQL_JOBNAMEs.00" inputassistance="0" len="" multiline="0" multilineIcon="0" nl="1" separator=";" showaspassword="0" text="MS SQL Server Job name" tooltip="" upper="0" required="0" alt="1" regex=""><oninputassistant><command request="_internal" target="_view" targetaction="setAttribute" targetparam="promptname|@id"/><command request="_internal" target="_view" targetaction="setAttribute" targetparam="promptvalue|@value"/><command owner="_promptsetcontainer" owneraction="getData" request="getpromptinputassistance" target="_chainwindow"/></oninputassistant><properties><entry listparam="C" name="reference" reftype="STATIC">UC_DATATYPE_STRING</entry><entry name="text">MS SQL Server Job name</entry><entry name="multiselect">0</entry><entry name="separator">;</entry><entry name="len"/><entry name="quotes"/><entry name="id">PS_SQL_JOBNAMEs.00</entry><entry name="inputassistance">0</entry><entry name="enabled">0</entry><entry name="upper">0</entry><entry name="focus">0</entry><entry name="showaspassword">0</entry><entry name="tooltip"/><entry name="customfield"/><entry name="xmlkey"/><entry name="xmlpath"/><entry name="modifiable">1</entry><entry name="multiline">0</entry><entry name="multilineIcon">0</entry><entry name="required">1</entry><entry name="regex"/><entry name="initvalue"/><entry name="onchangereset"/><entry name="resetable">1</entry></properties></text><text enabled="1" fill="b" focus="0" id="PS_JOB_STEPNAMEs.00" inputassistance="0" len="" multiline="0" multilineIcon="0" nl="1" separator=";" showaspassword="0" text="SQL Job Step Name (Optional)" tooltip="" upper="0" alt="1" regex="" required="0"><oninputassistant><command request="_internal" target="_view" targetaction="setAttribute" targetparam="promptname|@id"/><command request="_internal" target="_view" targetaction="setAttribute" targetparam="promptvalue|@value"/><command owner="_promptsetcontainer" owneraction="getData" request="getpromptinputassistance" target="_chainwindow"/></oninputassistant><properties><entry listparam="C" name="reference" reftype="STATIC">UC_DATATYPE_STRING</entry><entry name="text">SQL Job Step Name (Optional)</entry><entry name="multiselect">0</entry><entry name="separator">;</entry><entry name="len"/><entry name="quotes"/><entry name="id">PS_JOB_STEPNAMEs.00</entry><entry name="inputassistance">0</entry><entry name="enabled">0</entry><entry name="upper">0</entry><entry name="focus">0</entry><entry name="showaspassword">0</entry><entry name="tooltip"/><entry name="customfield"/><entry name="xmlkey"/><entry name="xmlpath"/><entry name="modifiable">1</entry><entry name="multiline">0</entry><entry name="multilineIcon">0</entry><entry name="regex"/><entry name="required">0</entry><entry name="initvalue"/><entry name="onchangereset"/><entry name="resetable">1</entry></properties></text></readpanel></dialog>]]></XUIEDITOR>
</PROMPTSETXUI>
<PROMPTSETDATA state="1">
<DATAEDITOR><![CDATA[<PRPTS ontop="1"><PRPTBOX><PS_SQL_JOBNAMEs.00 haslist="0" msgnr="-1" msginsert="" altview="0" promptname="PS_SQL_JOBNAME#" ReadFromTable="OPSE"></PS_SQL_JOBNAMEs.00><PS_JOB_STEPNAMEs.00 haslist="0" msgnr="-1" msginsert="" altview="0" promptname="PS_JOB_STEPNAME#" ReadFromTable="OPSE"></PS_JOB_STEPNAMEs.00></PRPTBOX></PRPTS>]]></DATAEDITOR>
</PROMPTSETDATA>
<DOCU_Docu state="1" type="text">
<DOC/>
</DOCU_Docu>
</PRPT>
<FILTER_OUTPUT name="PKG.FILTER.MSSQL.JOB.ERROR">
<HEADER state="1">
<Title>Checks for #ERROR#</Title>
<ArchiveKey1/>
<ArchiveKey2/>
<OH_SubType/>
</HEADER>
<FILTER_OUTPUT state="1">
<Filters>
<filter Condition="C" FilterText="#ERROR#" Lnr="1" SrcName="REP" SrcType="R"/>
</Filters>
<OperatorAND>1</OperatorAND>
<OperatorOR>0</OperatorOR>
</FILTER_OUTPUT>
<DOCU_Docu state="1" type="text">
<DOC/>
</DOCU_Docu>
</FILTER_OUTPUT>
<PRPT name="PKG.PRPT.AGENT.EXEC.MSSQL.JOB">
<HEADER state="1">
<Title>Agent Parameters for the Exec MS SQL Jobs</Title>
<ArchiveKey1/>
<ArchiveKey2/>
<OH_SubType/>
</HEADER>
<PROMPTDESIGNER state="1">
<DESIGNER/>
</PROMPTDESIGNER>
<PROMPTSETXUI state="1">
<XUIEDITOR><![CDATA[<dialog height="506" icon="PRPT" id="PRPTS" left="279" top="4" width="420"><readpanel fill="b" id="PRPTBOX" nl="1" scroll="v" text="Agent Related Parameters for the MS SQL Jobs"><properties><entry name="text">Agent Related Parameters for the MS SQL Jobs</entry><entry name="modifiable">0</entry></properties><combo dynamic="0" enabled="1" fill="b" focus="0" id="PS_AGENTs.00" nl="1" quotes="" text="SQL Agent Name" tooltip="" alt="1" filter="0" strict="1" vtype="i"><command request="_internal" target="_view" targetaction="setAttribute" targetparam="promptname|@id"/><command owner="_self" owneraction="setsource" ownerparam="src|_dialog@src"/><command owner="_promptsetcontainer" owneraction="getData" request="getpromptcombolist" target="_self" targetaction="setlist" wait="0"/><properties><entry listparam="C" name="reference" reftype="MULTI">PCK.ITPA_SHARED.PRV.VARA.AGENTS</entry><entry name="text">SQL Agent Name</entry><entry name="quotes"/><entry name="id">PS_AGENTs.00</entry><entry name="enabled">0</entry><entry name="focus">0</entry><entry name="tooltip"/><entry name="dynamic">0</entry><entry name="customfield"/><entry name="xmlkey"/><entry name="xmlpath"/><entry name="modifiable">1</entry><entry name="initvalue"/><entry name="onchangereset"/><entry name="resetable">1</entry></properties></combo><text enabled="1" fill="b" focus="0" id="PS_SQL_CONNs.00" inputassistance="0" len="" multiline="0" multilineIcon="0" nl="1" separator=";" showaspassword="0" text="SQL Connection Object" tooltip="" upper="0" required="0" alt="1" regex=""><oninputassistant><command request="_internal" target="_view" targetaction="setAttribute" targetparam="promptname|@id"/><command request="_internal" target="_view" targetaction="setAttribute" targetparam="promptvalue|@value"/><command owner="_promptsetcontainer" owneraction="getData" request="getpromptinputassistance" target="_chainwindow"/></oninputassistant><properties><entry listparam="C" name="reference" reftype="STATIC">UC_DATATYPE_STRING</entry><entry name="text">SQL Connection Object</entry><entry name="multiselect">0</entry><entry name="separator">;</entry><entry name="len"/><entry name="quotes"/><entry name="id">PS_SQL_CONNs.00</entry><entry name="inputassistance">0</entry><entry name="enabled">0</entry><entry name="upper">0</entry><entry name="focus">0</entry><entry name="showaspassword">0</entry><entry name="tooltip"/><entry name="customfield"/><entry name="xmlkey"/><entry name="xmlpath"/><entry name="modifiable">1</entry><entry name="multiline">0</entry><entry name="multilineIcon">0</entry><entry name="required">1</entry><entry name="regex"/><entry name="initvalue"/><entry name="onchangereset"/><entry name="resetable">1</entry></properties></text></readpanel></dialog>]]></XUIEDITOR>
</PROMPTSETXUI>
<PROMPTSETDATA state="1">
<DATAEDITOR><![CDATA[<PRPTS ontop="1"><PRPTBOX><PS_AGENTs.00 haslist="0" msgnr="-1" msginsert="" altview="0" promptname="PS_AGENT#" ReadFromTable="OPSE"></PS_AGENTs.00><PS_SQL_CONNs.00 haslist="0" msgnr="-1" msginsert="" altview="0" promptname="PS_SQL_CONN#" ReadFromTable="OPSE"></PS_SQL_CONNs.00></PRPTBOX></PRPTS>]]></DATAEDITOR>
</PROMPTSETDATA>
<DOCU_Docu state="1" type="text">
<DOC/>
</DOCU_Docu>
</PRPT>
</uc-export>